{
	"pages": [ //pages数组中第一项表示应用启动页，参考：https://uniapp.dcloud.io/collocation/pages
		{
			"path": "pages/index/index",
			"style": {
				"navigationStyle": "custom"
			}
		},
		{
			"path": "pages/home/home",
			"style": {
				"navigationStyle": "custom"
			}
		},
		{
			"path": "pages/list/list",
			"style": {
				"navigationStyle": "custom",
				"enablePullDownRefresh": true
			}
		},
		{
			"path": "pages/play/play",
			"style": {
				"navigationStyle": "custom"
			}
		},
		{
			"path": "pages/hot/hot",
			"style": {
				"navigationStyle": "custom",
				"enablePullDownRefresh": true
			}
		},
		{
			"path": "pages/new/new",
			"style": {
				"navigationStyle": "custom",
				"enablePullDownRefresh": true
			}
		},
		{
			"path": "pages/task/task",
			"style": {
				"navigationStyle": "custom"
			}
		},
		{
			"path": "pages/search/search",
			"style": {
				"navigationStyle": "custom"
			}
		},
		{
			"path": "pages/my/my",
			"style": {
				"navigationStyle": "custom"
			}
		},
		{
			"path": "pages/my/invit",
			"style": {
				"navigationStyle": "custom"
			}
		},
		{
            "path" : "pages/my/contact",
            "style" : {
				"navigationStyle": "custom"
			}
        },
		{
		    "path" : "pages/my/login",
		    "style" : {
				"navigationStyle": "custom"
			}
		},
		{
		    "path" : "pages/my/register",
		    "style" : {
				"navigationStyle": "custom"
			}
		},
		{
		    "path" : "pages/my/extension",
		    "style" : {
				"navigationStyle": "custom"
			}
		},
		{
		    "path" : "pages/my/history",
		    "style" : {
				"navigationStyle": "custom"
			}
		},
		{
		    "path" : "pages/my/collection",
		    "style" : {
				"navigationStyle": "custom"
			}
		}
    ],
	"globalStyle": {
		"navigationStyle": "custom",
		"navigationBarTextStyle": "white",
		"navigationBarTitleText": "后宫佳丽",
		"navigationBarBackgroundColor": "#111111",
		"backgroundColor": "#111111"
	},
	"tabBar": {
	    "color": "#ccc",
	    "selectedColor": "#fd13a2",
	    "borderStyle": "white",
	    "backgroundColor": "#111111",
		"iconWidth": "18px",
	    "list": [{
	        "pagePath": "pages/home/home",
	        "iconPath": "static/img/nav_1.png",
	        "selectedIconPath": "static/img/nav_1_a.png",
	        "text": "首页"
	    }, {
	        "pagePath": "pages/hot/hot",
	        "iconPath": "static/img/nav_2.png",
	        "selectedIconPath": "static/img/nav_2_a.png",
	        "text": "热点"
	    }, {
	        "pagePath": "pages/new/new",
	        "iconPath": "static/img/nav_5.png",
	        "selectedIconPath": "static/img/nav_5_a.png",
	        "text": "最新"
	    }, {
	        "pagePath": "pages/task/task",
	        "iconPath": "static/img/nav_3.png",
	        "selectedIconPath": "static/img/nav_3_a.png",
	        "text": "任务"
	    }, {
	        "pagePath": "pages/my/my",
	        "iconPath": "static/img/nav_4.png",
	        "selectedIconPath": "static/img/nav_4_a.png",
	        "text": "我的"
	    }]
	}
}
